{
  "-2:-9": [],
  "-1:-9": [],
  "0:-9": [],
  "-2:-10": [],
  "-1:-10": [],
  "0:-10": [],
  "-3:-10": [],
  "-3:-9": [],
  "-3:-8": [],
  "-3:-11": [],
  "-2:-11": [],
  "-1:-11": [],
  "-3:-12": [
    {
      "x": -1413.8218484903198,
      "y": 7.762335586575178,
      "z": -6006.7457956070675,
      "r": 22.896701224624024,
      "mass": 1.1448350612312013,
      "type": "planet",
      "colorHue": 0.08906014814602636
    }
  ],
  "-2:-12": [],
  "-1:-12": [],
  "-3:-13": [],
  "-2:-13": [],
  "-1:-13": [],
  "-4:-13": [],
  "-4:-12": [],
  "-4:-11": [],
  "-4:-14": [],
  "-3:-14": [],
  "-2:-14": [],
  "-1:-14": [],
  "-3:-15": [
    {
      "x": -1521.488101980841,
      "y": 7.009890470618211,
      "z": -7470.769574012475,
      "r": 21.72810106994517,
      "mass": 1.0864050534972585,
      "type": "planet",
      "colorHue": 0.5117880863936346
    }
  ],
  "-2:-15": [],
  "-1:-15": [],
  "-3:-16": [],
  "-2:-16": [
    {
      "x": -926.5945144318525,
      "y": 8.597422434073998,
      "z": -7856.514018150979,
      "r": 16.75485909886813,
      "mass": 0.8377429549434066,
      "type": "planet",
      "colorHue": 0.3063828095977664
    }
  ],
  "-1:-16": [],
  "0:-16": [],
  "0:-15": [],
  "0:-14": [],
  "-2:-17": [],
  "-1:-17": [],
  "0:-17": [],
  "-2:-18": [],
  "-1:-18": [],
  "0:-18": [],
  "1:-18": [],
  "1:-17": [],
  "1:-16": [],
  "-1:-19": [],
  "0:-19": [],
  "1:-19": [],
  "-1:-20": [],
  "0:-20": [],
  "1:-20": [],
  "-1:-21": [],
  "0:-21": [],
  "1:-21": [],
  "-1:-22": [
    {
      "x": -372.36717620370086,
      "y": 3.10055080943227,
      "z": -11164.459429849472,
      "r": 10.002782286600937,
      "mass": 0.5001391143300469,
      "type": "planet",
      "colorHue": 0.29816688118026724
    }
  ],
  "0:-22": [],
  "1:-22": [],
  "-1:-1": [],
  "-1:0": [],
  "-1:1": [],
  "0:-1": [],
  "0:0": [],
  "0:1": [],
  "1:-1": [],
  "1:0": [],
  "1:1": [],
  "-1:-2": [],
  "0:-2": [],
  "1:-2": [],
  "-1:-3": [],
  "0:-3": [],
  "1:-3": [],
  "-1:-4": [],
  "0:-4": [],
  "1:-4": [],
  "-1:-5": [],
  "0:-5": [],
  "1:-5": [],
  "-2:-5": [],
  "-2:-4": [],
  "-2:-3": [
    {
      "x": -1170.2226233850322,
      "y": -1.7585329452844545,
      "z": -1343.0166809237357,
      "r": 6.92930654743522,
      "mass": 27.71722618974088,
      "type": "planet",
      "colorHue": 0.10591658093904421
    }
  ],
  "-2:-6": [
    {
      "x": -1163.0221753190722,
      "y": -4.891164166030948,
      "z": -3187.4795023210763,
      "r": 10.540479474251702,
      "mass": 42.16191789700681,
      "type": "planet",
      "colorHue": 0.293213755754695
    }
  ],
  "-1:-6": [],
  "0:-6": [],
  "1:-6": [],
  "-2:-7": [],
  "-1:-7": [],
  "0:-7": [],
  "-2:-8": [],
  "-1:-8": [],
  "0:-8": [],
  "1:-10": [],
  "1:-9": [],
  "1:-8": [],
  "0:-11": [],
  "1:-11": [
    {
      "x": 451.5080649587497,
      "y": 4.210969730165781,
      "z": -5342.206841915355,
      "r": 11.130836217218375,
      "mass": 44.5233448688735,
      "type": "planet",
      "colorHue": 0.7053218527532178
    }
  ],
  "1:-7": [],
  "0:-12": [
    {
      "x": 99.69094592600987,
      "y": -4.638610395243804,
      "z": -6143.553909619657,
      "r": 10.777941941992324,
      "mass": 43.1117677679693,
      "type": "planet",
      "colorHue": 0.6783540848569786
    }
  ],
  "1:-12": [],
  "0:-13": [],
  "1:-13": [],
  "1:-14": [],
  "1:-15": [],
  "2:-18": [],
  "2:-17": [
    {
      "x": 1100.7595827534415,
      "y": 2.4586329046981508,
      "z": -8404.090829826486,
      "r": 8.473370637549092,
      "mass": 33.89348255019637,
      "type": "planet",
      "colorHue": 0.48308819170515505
    }
  ],
  "2:-16": [],
  "2:-19": [],
  "-2:-2": [
    {
      "x": -1131.1837243306527,
      "y": -3.7406168792187033,
      "z": -1128.2252305641443,
      "r": 6.061962723772682,
      "mass": 24.24785089509073,
      "type": "planet",
      "colorHue": 0.9184121968280821
    }
  ],
  "-2:-1": [
    {
      "x": -1158.6078836341,
      "y": 1.02086258461937,
      "z": -657.9805000874201,
      "r": 10.710912972204945,
      "mass": 42.84365188881978,
      "type": "planet",
      "colorHue": 0.4146400591775091
    }
  ],
  "-2:0": [
    {
      "x": -845.4827804219451,
      "y": 3.1910585540870215,
      "z": 145.5829341325105,
      "r": 8.015030353151344,
      "mass": 32.060121412605376,
      "type": "planet",
      "colorHue": 0.11924053081417674
    }
  ],
  "-1:2": [
    {
      "x": -338.4077785598059,
      "y": -1.9208838375869597,
      "z": 977.0510541821643,
      "r": 14.408977407129129,
      "mass": 57.635909628516515,
      "type": "planet",
      "colorHue": 0.4036350663955064
    }
  ],
  "0:2": [
    {
      "x": 138.7653821820648,
      "y": -1.5856781161944369,
      "z": 910.6792869633695,
      "r": 18.463905274659055,
      "mass": 73.85562109863622,
      "type": "planet",
      "colorHue": 0.9523168664721408
    }
  ],
  "1:2": [
    {
      "x": 537.858992670044,
      "y": -3.1899310871718067,
      "z": 970.8517502286863,
      "r": 12.862520593886888,
      "mass": 51.45008237554755,
      "type": "planet",
      "colorHue": 0.495103745577705
    }
  ]
}